qa_id,question,img_path,gold_answer,generated_answer,evidence_page_nums,gt_slide_count,prior_evidence_em,prior_evidence_em_at_topk,dominant_passage_is_gt,prior_passage_is_gt,exact_match
5,"In which year did the company that divested Eismann in 2004 achieve higher Organic Growth, 2003 or 2004?",../../shared_space/vqa_data/KBVQA_data/SlideVQA/test_5_page_7.png,2003,2004,"[7, 13]",2,1,1,True,True,0
7,What is the name of the brand which Nestlé acquired in the year Findus was divested?,../../shared_space/vqa_data/KBVQA_data/SlideVQA/test_7_page_12.png,PowerBar,Dreyers,"[12, 13]",2,1,1,True,True,0
54,How many points are listed to explain that a drug which has three Great Challenges such as Therapeutic Equivalency is the same as brand name drug?,../../shared_space/vqa_data/KBVQA_data/SlideVQA/test_54_page_4.png,7,4,"[4, 6]",2,1,1,True,True,0
168,What is the media choice for short messages you send out with a certain degree of regularity?,../../shared_space/vqa_data/KBVQA_data/SlideVQA/test_168_page_12.png,Primarily online channels,social media,"[12, 13]",2,1,1,True,True,0
195,What type of drug is the one discovered in 1928 by Alexander Flemming?,../../shared_space/vqa_data/KBVQA_data/SlideVQA/test_195_page_2.png,Cell Wall Synthesis Inhibition,Penicillin,"[2, 6]",2,1,1,True,True,0
207,How many more total app downloads were there for the phone which had an average of 68 downloaded apps per phone than iOS in July '14?,../../shared_space/vqa_data/KBVQA_data/SlideVQA/test_207_page_8.png,"2,000,000,000",2000000000,"[8, 11]",2,1,1,True,True,0
236,What are two ways in which the daily amount of that represented by Ws in Banister’s impulse-response model can influence an athlete?,../../shared_space/vqa_data/KBVQA_data/SlideVQA/test_236_page_6.png,"Negative, Positive","Positive influence, Negative influence","[6, 7]",2,1,1,True,True,0
246,When is the best time for outreach on the platform in which Moz’s followers are most active between 8-9 AM?,../../shared_space/vqa_data/KBVQA_data/SlideVQA/test_246_page_6.png,Mondays - Thursdays 1 pm - 3 pm,1 pm - 4 pm,"[6, 10]",2,1,1,True,True,0
264,What do membranes which offer 3 distinct advantages to food packaging block?,../../shared_space/vqa_data/KBVQA_data/SlideVQA/test_264_page_9.png,"moisture outflow, oxygen inflow",moisture outflow and oxygen inflow,"[9, 18]",2,1,1,True,True,0
315,What comes under Resources for the Center which treats conditions in the column to the left of Craniofacial?,../../shared_space/vqa_data/KBVQA_data/SlideVQA/test_315_page_15.png,"Overview, Useful Links, Recommended Reading, Tests & Procedures",Useful Links,"[15, 16]",2,1,1,True,True,0
365,What percentage of total hotels does the one who entered the hotel industry in 1975 account for?,../../shared_space/vqa_data/KBVQA_data/SlideVQA/test_365_page_3.png,18,82,"[3, 5]",2,1,1,False,True,0
397,"For the brand that had a Facebook Unmetric Score of 42, what is coupon code for Black Friday?",../../shared_space/vqa_data/KBVQA_data/SlideVQA/test_397_page_4.png,BLKLIGHT,KARMALOOP,"[4, 16]",2,1,1,True,True,0
404,What are three examples of Turkic ethnolinguistic groups in the country whose economy is primarily agriculture-based?,../../shared_space/vqa_data/KBVQA_data/SlideVQA/test_404_page_5.png,"Kirghiz, Turkmen, Uzbek","Turkmen, Uzbek, Nuristani","[5, 18]",2,1,1,True,True,0
483,"What is a Parameter example in the framework which contains the Algorithm IB Cosine and RMSE 0,92476162?",../../shared_space/vqa_data/KBVQA_data/SlideVQA/test_483_page_7.png,neighborhoodsize,"factors, iterations","[7, 12]",2,1,1,True,True,0
495,In which year did the number of users on the platform which has >20M users in Thailand alone surpass Kakao Talk users?,../../shared_space/vqa_data/KBVQA_data/SlideVQA/test_495_page_12.png,2012,2013,"[12, 13]",2,1,1,True,True,0
525,What is Dr. Albert Heuser's position at the company that is well positioned in China in an increasingly competitive environment?,../../shared_space/vqa_data/KBVQA_data/SlideVQA/test_525_page_3.png,President Greater China & Functions Asia Pacific,President Greater Greater China & Functions Asia Pacific,"[3, 9]",2,1,1,True,True,0
539,"What are examples of the layer that includes LOCAL MESH GATEWAY, MESSAGE BROKER, and INERNET CONNECTIVITY?",../../shared_space/vqa_data/KBVQA_data/SlideVQA/test_539_page_13.png,"Dowse, OpenHAB, TheThingSystem, ZIPR, Ponte, WebSphere, RabbitMQ, Dweet",MIDDLEWARE,"[13, 16]",2,1,1,False,True,0
555,What are the two categories of the mathematical branch which includes the concepts learned in algebra and geometry that are extended using the idea of limits?,../../shared_space/vqa_data/KBVQA_data/SlideVQA/test_555_page_2.png,"Differential, Integral","Differential Calculus, Integral Calculus","[2, 3]",2,1,1,True,True,0
570,How much more is the minimum clearance in mm for a voltage level of 66 KV compared to the voltage level associated with a Meter & Narrow Gauge inside station limit of 9.8(m)?,../../shared_space/vqa_data/KBVQA_data/SlideVQA/test_570_page_14.png,300,2440,"[14, 15]",2,1,1,True,True,0
580,What is the person who made the “HOW TO AVOID DEATH BY POWERPOINT?” presentation into?,../../shared_space/vqa_data/KBVQA_data/SlideVQA/test_580_page_1.png,politics,Nancy Verbrugghe,"[1, 2]",2,1,1,True,True,0
594,What are four issues with that which Will Ensure the Success of Mobile Internet?,../../shared_space/vqa_data/KBVQA_data/SlideVQA/test_594_page_8.png,"Always On, Bursty Traffic, QoS Cost / MB, CAPEX & OPEX","Meeting Higher Demand for Data Speed, Lowering Packet Delay, Increasing Spectral Efficiency, Flexible Spectrum Allocation","[8, 10]",2,1,1,True,True,0
621,"What is the difference in revenue per farmer p.a. between 2005 and the year in which there was $31,000 in investments?",../../shared_space/vqa_data/KBVQA_data/SlideVQA/test_621_page_15.png,"1,549",2006,"[15, 16]",2,1,1,True,True,0
638,What is the yield strain percentage for that which has a Longitudinal Direction of 6.5?,../../shared_space/vqa_data/KBVQA_data/SlideVQA/test_638_page_14.png,.14 - .25,0.14 - 0.25,"[14, 16]",2,1,1,True,True,0
683,What was BASF's growth target for sales in billions of euro for the year in which the Functionalized materials & solutions is scheduled to finish?,../../shared_space/vqa_data/KBVQA_data/SlideVQA/test_683_page_10.png,115,85,"[10, 12]",2,1,1,True,True,0
728,What are three areas of the other component of SWOT Analysis along with External Analysis?,../../shared_space/vqa_data/KBVQA_data/SlideVQA/test_728_page_8.png,"Culture, Competencies, Composition","Internal Analysis, Strategy Formulation, Strategy Implementation","[8, 12]",2,1,1,True,True,0
750,"What are examples of the DATA Analytics Stack besides Hadoop & Hive, Spark, DW & SQL, or Files & Web Services?",../../shared_space/vqa_data/KBVQA_data/SlideVQA/test_750_page_8.png,"MongoDB, Cassandra / DataStax","NoSQL, Text & NLP","[8, 9]",2,1,1,True,True,0
783,How many generators for that which is involved in both the REDUCTION phases of the ELONGATION cycle are named in the figure?,../../shared_space/vqa_data/KBVQA_data/SlideVQA/test_783_page_12.png,3,2,"[12, 14]",2,1,1,True,True,0
792,How many people per year are killed by humans and the creature that carries dengue combined?,../../shared_space/vqa_data/KBVQA_data/SlideVQA/test_792_page_3.png,"1,200,000",800000,"[3, 4]",2,1,1,True,True,0
798,"Is the RNA virus, genus: Flavivirus, family: Flavivirida more common in the northern or southern hemisphere?",../../shared_space/vqa_data/KBVQA_data/SlideVQA/test_798_page_4.png,southern hemisphere,Northern,"[4, 8]",2,1,1,True,True,0
802,"What three languages does the Storm API which includes Micro-Batch, Higher Throughput, and Operates on Streams of Tuple Batches and Partitions use?",../../shared_space/vqa_data/KBVQA_data/SlideVQA/test_802_page_12.png,"Java, Clojure, Scala","Java, Python, C++","[12, 13]",2,1,1,True,True,0
